[
  {
    "codigo_ibge": 4300034,
    "name": "Aceguá",
    "lat": -31.8665,
    "lon": -54.1615,
    "uf": 43
  },
  {
    "codigo_ibge": 4300059,
    "name": "Água Santa",
    "lat": -28.1672,
    "lon": -52031,
    "uf": 43
  },
  {
    "codigo_ibge": 4300109,
    "name": "Agudo",
    "lat": -29.6447,
    "lon": -53.2515,
    "uf": 43
  },
  {
    "codigo_ibge": 4300208,
    "name": "Ajuricaba",
    "lat": -28.2342,
    "lon": -53.7757,
    "uf": 43
  },
  {
    "codigo_ibge": 4300307,
    "name": "Alecrim",
    "lat": -27.6579,
    "lon": -54.7649,
    "uf": 43
  },
  {
    "codigo_ibge": 4300406,
    "name": "Alegrete",
    "lat": -29.7902,
    "lon": -55.7949,
    "uf": 43
  },
  {
    "codigo_ibge": 4300455,
    "name": "Alegria",
    "lat": -27.8345,
    "lon": -54.0557,
    "uf": 43
  },
  {
    "codigo_ibge": 4300471,
    "name": "Almirante Tamandaré do Sul",
    "lat": -28.1149,
    "lon": -52.9142,
    "uf": 43
  },
  {
    "codigo_ibge": 4300505,
    "name": "Alpestre",
    "lat": -27.2502,
    "lon": -53.0341,
    "uf": 43
  },
  {
    "codigo_ibge": 4300554,
    "name": "Alto Alegre",
    "lat": -28.7769,
    "lon": -52.9893,
    "uf": 43
  },
  {
    "codigo_ibge": 4300570,
    "name": "Alto Feliz",
    "lat": -29.3919,
    "lon": -51.3123,
    "uf": 43
  },
  {
    "codigo_ibge": 4300604,
    "name": "Alvorada",
    "lat": -29.9914,
    "lon": -51.0809,
    "uf": 43
  },
  {
    "codigo_ibge": 4300638,
    "name": "Amaral Ferrador",
    "lat": -30.8756,
    "lon": -52.2509,
    "uf": 43
  },
  {
    "codigo_ibge": 4300646,
    "name": "Ametista do Sul",
    "lat": -27.3607,
    "lon": -53183,
    "uf": 43
  },
  {
    "codigo_ibge": 4300661,
    "name": "André da Rocha",
    "lat": -28.6283,
    "lon": -51.5797,
    "uf": 43
  },
  {
    "codigo_ibge": 4300703,
    "name": "Anta Gorda",
    "lat": -28.9698,
    "lon": -52.0102,
    "uf": 43
  },
  {
    "codigo_ibge": 4300802,
    "name": "Antônio Prado",
    "lat": -28.8565,
    "lon": -51.2883,
    "uf": 43
  },
  {
    "codigo_ibge": 4300851,
    "name": "Arambaré",
    "lat": -30.9092,
    "lon": -51.5046,
    "uf": 43
  },
  {
    "codigo_ibge": 4300877,
    "name": "Araricá",
    "lat": -29.6168,
    "lon": -50.9291,
    "uf": 43
  },
  {
    "codigo_ibge": 4300901,
    "name": "Aratiba",
    "lat": -27.3978,
    "lon": -52.2975,
    "uf": 43
  },
  {
    "codigo_ibge": 4301008,
    "name": "Arroio do Meio",
    "lat": -29.4014,
    "lon": -51.9557,
    "uf": 43
  },
  {
    "codigo_ibge": 4301073,
    "name": "Arroio do Padre",
    "lat": -31.4389,
    "lon": -52.4246,
    "uf": 43
  },
  {
    "codigo_ibge": 4301057,
    "name": "Arroio do Sal",
    "lat": -29.5439,
    "lon": -49.8895,
    "uf": 43
  },
  {
    "codigo_ibge": 4301206,
    "name": "Arroio do Tigre",
    "lat": -29.3348,
    "lon": -53.0966,
    "uf": 43
  },
  {
    "codigo_ibge": 4301107,
    "name": "Arroio dos Ratos",
    "lat": -30.0875,
    "lon": -51.7275,
    "uf": 43
  },
  {
    "codigo_ibge": 4301305,
    "name": "Arroio Grande",
    "lat": -32.2327,
    "lon": -53.0862,
    "uf": 43
  },
  {
    "codigo_ibge": 4301404,
    "name": "Arvorezinha",
    "lat": -28.8737,
    "lon": -52.1781,
    "uf": 43
  },
  {
    "codigo_ibge": 4301503,
    "name": "Augusto Pestana",
    "lat": -28.5172,
    "lon": -53.9883,
    "uf": 43
  },
  {
    "codigo_ibge": 4301552,
    "name": "Áurea",
    "lat": -27.6936,
    "lon": -52.0505,
    "uf": 43
  },
  {
    "codigo_ibge": 4301602,
    "name": "Bagé",
    "lat": -31.3297,
    "lon": -54.0999,
    "uf": 43
  },
  {
    "codigo_ibge": 4301636,
    "name": "Balneário Pinhal",
    "lat": -30.2419,
    "lon": -50.2337,
    "uf": 43
  },
  {
    "codigo_ibge": 4301651,
    "name": "Barão",
    "lat": -29.3725,
    "lon": -51.4949,
    "uf": 43
  },
  {
    "codigo_ibge": 4301701,
    "name": "Barão de Cotegipe",
    "lat": -27.6208,
    "lon": -52.3798,
    "uf": 43
  },
  {
    "codigo_ibge": 4301750,
    "name": "Barão do Triunfo",
    "lat": -30.3891,
    "lon": -51.7384,
    "uf": 43
  },
  {
    "codigo_ibge": 4301859,
    "name": "Barra do Guarita",
    "lat": -27.1927,
    "lon": -53.7109,
    "uf": 43
  },
  {
    "codigo_ibge": 4301875,
    "name": "Barra do Quaraí",
    "lat": -30.2029,
    "lon": -57.5497,
    "uf": 43
  },
  {
    "codigo_ibge": 4301909,
    "name": "Barra do Ribeiro",
    "lat": -30.2939,
    "lon": -51.3014,
    "uf": 43
  },
  {
    "codigo_ibge": 4301925,
    "name": "Barra do Rio Azul",
    "lat": -27.4069,
    "lon": -52.4084,
    "uf": 43
  },
  {
    "codigo_ibge": 4301958,
    "name": "Barra Funda",
    "lat": -27.9205,
    "lon": -53.0391,
    "uf": 43
  },
  {
    "codigo_ibge": 4301800,
    "name": "Barracão",
    "lat": -27.6739,
    "lon": -51.4585,
    "uf": 43
  },
  {
    "codigo_ibge": 4302006,
    "name": "Barros Cassal",
    "lat": -29.0947,
    "lon": -52.5836,
    "uf": 43
  },
  {
    "codigo_ibge": 4302055,
    "name": "Benjamin Constant do Sul",
    "lat": -27.5086,
    "lon": -52.5995,
    "uf": 43
  },
  {
    "codigo_ibge": 4302105,
    "name": "Bento Gonçalves",
    "lat": -29.1662,
    "lon": -51.5165,
    "uf": 43
  },
  {
    "codigo_ibge": 4302154,
    "name": "Boa Vista das Missões",
    "lat": -27.6671,
    "lon": -53.3102,
    "uf": 43
  },
  {
    "codigo_ibge": 4302204,
    "name": "Boa Vista do Buricá",
    "lat": -27.6693,
    "lon": -54.1082,
    "uf": 43
  },
  {
    "codigo_ibge": 4302220,
    "name": "Boa Vista do Cadeado",
    "lat": -28.5791,
    "lon": -53.8108,
    "uf": 43
  },
  {
    "codigo_ibge": 4302238,
    "name": "Boa Vista do Incra",
    "lat": -28.8185,
    "lon": -53391,
    "uf": 43
  },
  {
    "codigo_ibge": 4302253,
    "name": "Boa Vista do Sul",
    "lat": -29.3544,
    "lon": -51.6687,
    "uf": 43
  },
  {
    "codigo_ibge": 4302303,
    "name": "Bom Jesus",
    "lat": -28.6697,
    "lon": -50.4295,
    "uf": 43
  },
  {
    "codigo_ibge": 4302352,
    "name": "Bom Princípio",
    "lat": -29.4856,
    "lon": -51.3548,
    "uf": 43
  },
  {
    "codigo_ibge": 4302378,
    "name": "Bom Progresso",
    "lat": -27.5399,
    "lon": -53.8716,
    "uf": 43
  },
  {
    "codigo_ibge": 4302402,
    "name": "Bom Retiro do Sul",
    "lat": -29.6071,
    "lon": -51.9456,
    "uf": 43
  },
  {
    "codigo_ibge": 4302451,
    "name": "Boqueirão do Leão",
    "lat": -29.3046,
    "lon": -52.4284,
    "uf": 43
  },
  {
    "codigo_ibge": 4302501,
    "name": "Bossoroca",
    "lat": -28.7291,
    "lon": -54.9035,
    "uf": 43
  },
  {
    "codigo_ibge": 4302584,
    "name": "Bozano",
    "lat": -28.3659,
    "lon": -53772,
    "uf": 43
  },
  {
    "codigo_ibge": 4302600,
    "name": "Braga",
    "lat": -27.6173,
    "lon": -53.7405,
    "uf": 43
  },
  {
    "codigo_ibge": 4302659,
    "name": "Brochier",
    "lat": -29.5501,
    "lon": -51.5945,
    "uf": 43
  },
  {
    "codigo_ibge": 4302709,
    "name": "Butiá",
    "lat": -30.1179,
    "lon": -51.9601,
    "uf": 43
  },
  {
    "codigo_ibge": 4302808,
    "name": "Caçapava do Sul",
    "lat": -30.5144,
    "lon": -53.4827,
    "uf": 43
  },
  {
    "codigo_ibge": 4302907,
    "name": "Cacequi",
    "lat": -29.8883,
    "lon": -54822,
    "uf": 43
  },
  {
    "codigo_ibge": 4303004,
    "name": "Cachoeira do Sul",
    "lat": -30033,
    "lon": -52.8928,
    "uf": 43
  },
  {
    "codigo_ibge": 4303103,
    "name": "Cachoeirinha",
    "lat": -29.9472,
    "lon": -51.1016,
    "uf": 43
  },
  {
    "codigo_ibge": 4303202,
    "name": "Cacique Doble",
    "lat": -27767,
    "lon": -51.6597,
    "uf": 43
  },
  {
    "codigo_ibge": 4303301,
    "name": "Caibaté",
    "lat": -28.2905,
    "lon": -54.6454,
    "uf": 43
  },
  {
    "codigo_ibge": 4303400,
    "name": "Caiçara",
    "lat": -27.2791,
    "lon": -53.4257,
    "uf": 43
  },
  {
    "codigo_ibge": 4303509,
    "name": "Camaquã",
    "lat": -30.8489,
    "lon": -51.8043,
    "uf": 43
  },
  {
    "codigo_ibge": 4303558,
    "name": "Camargo",
    "lat": -28588,
    "lon": -52.2003,
    "uf": 43
  },
  {
    "codigo_ibge": 4303608,
    "name": "Cambará do Sul",
    "lat": -29.0474,
    "lon": -50.1465,
    "uf": 43
  },
  {
    "codigo_ibge": 4303673,
    "name": "Campestre da Serra",
    "lat": -28.7926,
    "lon": -51.0941,
    "uf": 43
  },
  {
    "codigo_ibge": 4303707,
    "name": "Campina das Missões",
    "lat": -27.9888,
    "lon": -54.8416,
    "uf": 43
  },
  {
    "codigo_ibge": 4303806,
    "name": "Campinas do Sul",
    "lat": -27.7174,
    "lon": -52.6248,
    "uf": 43
  },
  {
    "codigo_ibge": 4303905,
    "name": "Campo Bom",
    "lat": -29.6747,
    "lon": -51.0606,
    "uf": 43
  },
  {
    "codigo_ibge": 4304002,
    "name": "Campo Novo",
    "lat": -27.6792,
    "lon": -53.8052,
    "uf": 43
  },
  {
    "codigo_ibge": 4304101,
    "name": "Campos Borges",
    "lat": -28.8871,
    "lon": -53.0008,
    "uf": 43
  },
  {
    "codigo_ibge": 4304200,
    "name": "Candelária",
    "lat": -29.6684,
    "lon": -52.7895,
    "uf": 43
  },
  {
    "codigo_ibge": 4304309,
    "name": "Cândido Godói",
    "lat": -27.9515,
    "lon": -54.7517,
    "uf": 43
  },
  {
    "codigo_ibge": 4304358,
    "name": "Candiota",
    "lat": -31.5516,
    "lon": -53.6773,
    "uf": 43
  },
  {
    "codigo_ibge": 4304408,
    "name": "Canela",
    "lat": -29356,
    "lon": -50.8119,
    "uf": 43
  },
  {
    "codigo_ibge": 4304507,
    "name": "Canguçu",
    "lat": -31396,
    "lon": -52.6783,
    "uf": 43
  },
  {
    "codigo_ibge": 4304606,
    "name": "Canoas",
    "lat": -29.9128,
    "lon": -51.1857,
    "uf": 43
  },
  {
    "codigo_ibge": 4304614,
    "name": "Canudos do Vale",
    "lat": -29.3271,
    "lon": -52.2374,
    "uf": 43
  },
  {
    "codigo_ibge": 4304622,
    "name": "Capão Bonito do Sul",
    "lat": -28.1254,
    "lon": -51.3961,
    "uf": 43
  },
  {
    "codigo_ibge": 4304630,
    "name": "Capão da Canoa",
    "lat": -29.7642,
    "lon": -50.0282,
    "uf": 43
  },
  {
    "codigo_ibge": 4304655,
    "name": "Capão do Cipó",
    "lat": -28.9312,
    "lon": -54.5558,
    "uf": 43
  },
  {
    "codigo_ibge": 4304663,
    "name": "Capão do Leão",
    "lat": -31.7565,
    "lon": -52.4889,
    "uf": 43
  },
  {
    "codigo_ibge": 4304689,
    "name": "Capela de Santana",
    "lat": -29.6961,
    "lon": -51328,
    "uf": 43
  },
  {
    "codigo_ibge": 4304697,
    "name": "Capitão",
    "lat": -29.2674,
    "lon": -51.9853,
    "uf": 43
  },
  {
    "codigo_ibge": 4304671,
    "name": "Capivari do Sul",
    "lat": -30.1383,
    "lon": -50.5152,
    "uf": 43
  },
  {
    "codigo_ibge": 4304713,
    "name": "Caraá",
    "lat": -29.7869,
    "lon": -50.4316,
    "uf": 43
  },
  {
    "codigo_ibge": 4304705,
    "name": "Carazinho",
    "lat": -28.2958,
    "lon": -52.7933,
    "uf": 43
  },
  {
    "codigo_ibge": 4304804,
    "name": "Carlos Barbosa",
    "lat": -29.2969,
    "lon": -51.5028,
    "uf": 43
  },
  {
    "codigo_ibge": 4304853,
    "name": "Carlos Gomes",
    "lat": -27.7167,
    "lon": -51.9121,
    "uf": 43
  },
  {
    "codigo_ibge": 4304903,
    "name": "Casca",
    "lat": -28.5605,
    "lon": -51.9815,
    "uf": 43
  },
  {
    "codigo_ibge": 4304952,
    "name": "Caseiros",
    "lat": -28.2582,
    "lon": -51.6861,
    "uf": 43
  },
  {
    "codigo_ibge": 4305009,
    "name": "Catuípe",
    "lat": -28.2554,
    "lon": -54.0132,
    "uf": 43
  },
  {
    "codigo_ibge": 4305108,
    "name": "Caxias do Sul",
    "lat": -29.1629,
    "lon": -51.1792,
    "uf": 43
  },
  {
    "codigo_ibge": 4305116,
    "name": "Centenário",
    "lat": -27.7615,
    "lon": -51.9984,
    "uf": 43
  },
  {
    "codigo_ibge": 4305124,
    "name": "Cerrito",
    "lat": -31.8419,
    "lon": -52.8004,
    "uf": 43
  },
  {
    "codigo_ibge": 4305132,
    "name": "Cerro Branco",
    "lat": -29657,
    "lon": -52.9406,
    "uf": 43
  },
  {
    "codigo_ibge": 4305157,
    "name": "Cerro Grande",
    "lat": -27.6106,
    "lon": -53.1672,
    "uf": 43
  },
  {
    "codigo_ibge": 4305173,
    "name": "Cerro Grande do Sul",
    "lat": -30.5905,
    "lon": -51.7418,
    "uf": 43
  },
  {
    "codigo_ibge": 4305207,
    "name": "Cerro Largo",
    "lat": -28.1463,
    "lon": -54.7428,
    "uf": 43
  },
  {
    "codigo_ibge": 4305306,
    "name": "Chapada",
    "lat": -28.0559,
    "lon": -53.0665,
    "uf": 43
  },
  {
    "codigo_ibge": 4305355,
    "name": "Charqueadas",
    "lat": -29.9625,
    "lon": -51.6289,
    "uf": 43
  },
  {
    "codigo_ibge": 4305371,
    "name": "Charrua",
    "lat": -27.9493,
    "lon": -52015,
    "uf": 43
  },
  {
    "codigo_ibge": 4305405,
    "name": "Chiapetta",
    "lat": -27923,
    "lon": -53.9419,
    "uf": 43
  },
  {
    "codigo_ibge": 4305439,
    "name": "Chuí",
    "lat": -33.6866,
    "lon": -53.4594,
    "uf": 43
  },
  {
    "codigo_ibge": 4305447,
    "name": "Chuvisca",
    "lat": -30.7504,
    "lon": -51.9737,
    "uf": 43
  },
  {
    "codigo_ibge": 4305454,
    "name": "Cidreira",
    "lat": -30.1604,
    "lon": -50.2337,
    "uf": 43
  },
  {
    "codigo_ibge": 4305504,
    "name": "Ciríaco",
    "lat": -28.3419,
    "lon": -51.8741,
    "uf": 43
  },
  {
    "codigo_ibge": 4305587,
    "name": "Colinas",
    "lat": -29.3948,
    "lon": -51.8556,
    "uf": 43
  },
  {
    "codigo_ibge": 4305603,
    "name": "Colorado",
    "lat": -28.5258,
    "lon": -52.9928,
    "uf": 43
  },
  {
    "codigo_ibge": 4305702,
    "name": "Condor",
    "lat": -28.2075,
    "lon": -53.4905,
    "uf": 43
  },
  {
    "codigo_ibge": 4305801,
    "name": "Constantina",
    "lat": -27732,
    "lon": -52.9938,
    "uf": 43
  },
  {
    "codigo_ibge": 4305835,
    "name": "Coqueiro Baixo",
    "lat": -29.1802,
    "lon": -52.0942,
    "uf": 43
  },
  {
    "codigo_ibge": 4305850,
    "name": "Coqueiros do Sul",
    "lat": -28.1194,
    "lon": -52.7842,
    "uf": 43
  },
  {
    "codigo_ibge": 4305871,
    "name": "Coronel Barros",
    "lat": -28.3921,
    "lon": -54.0686,
    "uf": 43
  },
  {
    "codigo_ibge": 4305900,
    "name": "Coronel Bicaco",
    "lat": -27.7197,
    "lon": -53.7022,
    "uf": 43
  },
  {
    "codigo_ibge": 4305934,
    "name": "Coronel Pilar",
    "lat": -29.2695,
    "lon": -51.6847,
    "uf": 43
  },
  {
    "codigo_ibge": 4305959,
    "name": "Cotiporã",
    "lat": -28.9891,
    "lon": -51.6971,
    "uf": 43
  },
  {
    "codigo_ibge": 4305975,
    "name": "Coxilha",
    "lat": -28128,
    "lon": -52.3023,
    "uf": 43
  },
  {
    "codigo_ibge": 4306007,
    "name": "Crissiumal",
    "lat": -27.4999,
    "lon": -54.0994,
    "uf": 43
  },
  {
    "codigo_ibge": 4306056,
    "name": "Cristal",
    "lat": -31.0046,
    "lon": -52.0436,
    "uf": 43
  },
  {
    "codigo_ibge": 4306072,
    "name": "Cristal do Sul",
    "lat": -27452,
    "lon": -53.2422,
    "uf": 43
  },
  {
    "codigo_ibge": 4306106,
    "name": "Cruz Alta",
    "lat": -28645,
    "lon": -53.6048,
    "uf": 43
  },
  {
    "codigo_ibge": 4306130,
    "name": "Cruzaltense",
    "lat": -27.6672,
    "lon": -52.6522,
    "uf": 43
  },
  {
    "codigo_ibge": 4306205,
    "name": "Cruzeiro do Sul",
    "lat": -29.5148,
    "lon": -51.9928,
    "uf": 43
  },
  {
    "codigo_ibge": 4306304,
    "name": "David Canabarro",
    "lat": -28.3849,
    "lon": -51.8482,
    "uf": 43
  },
  {
    "codigo_ibge": 4306320,
    "name": "Derrubadas",
    "lat": -27.2642,
    "lon": -53.8645,
    "uf": 43
  },
  {
    "codigo_ibge": 4306353,
    "name": "Dezesseis de Novembro",
    "lat": -28219,
    "lon": -55.0617,
    "uf": 43
  },
  {
    "codigo_ibge": 4306379,
    "name": "Dilermando de Aguiar",
    "lat": -29.7054,
    "lon": -54.2122,
    "uf": 43
  },
  {
    "codigo_ibge": 4306403,
    "name": "Dois Irmãos",
    "lat": -29.5836,
    "lon": -51.0898,
    "uf": 43
  },
  {
    "codigo_ibge": 4306429,
    "name": "Dois Irmãos das Missões",
    "lat": -27.6621,
    "lon": -53.5304,
    "uf": 43
  },
  {
    "codigo_ibge": 4306452,
    "name": "Dois Lajeados",
    "lat": -28983,
    "lon": -51.8396,
    "uf": 43
  },
  {
    "codigo_ibge": 4306502,
    "name": "Dom Feliciano",
    "lat": -30.7004,
    "lon": -52.1026,
    "uf": 43
  },
  {
    "codigo_ibge": 4306601,
    "name": "Dom Pedrito",
    "lat": -30.9756,
    "lon": -54.6694,
    "uf": 43
  },
  {
    "codigo_ibge": 4306551,
    "name": "Dom Pedro de Alcântara",
    "lat": -29.3639,
    "lon": -49853,
    "uf": 43
  },
  {
    "codigo_ibge": 4306700,
    "name": "Dona Francisca",
    "lat": -29.6195,
    "lon": -53.3617,
    "uf": 43
  },
  {
    "codigo_ibge": 4306734,
    "name": "Doutor Maurício Cardoso",
    "lat": -27.5103,
    "lon": -54.3577,
    "uf": 43
  },
  {
    "codigo_ibge": 4306759,
    "name": "Doutor Ricardo",
    "lat": -29084,
    "lon": -51.9972,
    "uf": 43
  },
  {
    "codigo_ibge": 4306767,
    "name": "Eldorado do Sul",
    "lat": -30.0847,
    "lon": -51.6187,
    "uf": 43
  },
  {
    "codigo_ibge": 4306809,
    "name": "Encantado",
    "lat": -29.2351,
    "lon": -51.8703,
    "uf": 43
  },
  {
    "codigo_ibge": 4306908,
    "name": "Encruzilhada do Sul",
    "lat": -30543,
    "lon": -52.5204,
    "uf": 43
  },
  {
    "codigo_ibge": 4306924,
    "name": "Engenho Velho",
    "lat": -27706,
    "lon": -52.9145,
    "uf": 43
  },
  {
    "codigo_ibge": 4306957,
    "name": "Entre Rios do Sul",
    "lat": -27.5298,
    "lon": -52.7347,
    "uf": 43
  },
  {
    "codigo_ibge": 4306932,
    "name": "Entre-Ijuís",
    "lat": -28.3686,
    "lon": -54.2686,
    "uf": 43
  },
  {
    "codigo_ibge": 4306973,
    "name": "Erebango",
    "lat": -27.8544,
    "lon": -52.3005,
    "uf": 43
  },
  {
    "codigo_ibge": 4307005,
    "name": "Erechim",
    "lat": -27.6364,
    "lon": -52.2697,
    "uf": 43
  },
  {
    "codigo_ibge": 4307054,
    "name": "Ernestina",
    "lat": -28.4977,
    "lon": -52.5836,
    "uf": 43
  },
  {
    "codigo_ibge": 4307203,
    "name": "Erval Grande",
    "lat": -27.3926,
    "lon": -52574,
    "uf": 43
  },
  {
    "codigo_ibge": 4307302,
    "name": "Erval Seco",
    "lat": -27.5443,
    "lon": -53.5005,
    "uf": 43
  },
  {
    "codigo_ibge": 4307401,
    "name": "Esmeralda",
    "lat": -28.0518,
    "lon": -51.1933,
    "uf": 43
  },
  {
    "codigo_ibge": 4307450,
    "name": "Esperança do Sul",
    "lat": -27.3603,
    "lon": -53.9891,
    "uf": 43
  },
  {
    "codigo_ibge": 4307500,
    "name": "Espumoso",
    "lat": -28.7286,
    "lon": -52.8461,
    "uf": 43
  },
  {
    "codigo_ibge": 4307559,
    "name": "Estação",
    "lat": -27.9135,
    "lon": -52.2635,
    "uf": 43
  },
  {
    "codigo_ibge": 4307609,
    "name": "Estância Velha",
    "lat": -29.6535,
    "lon": -51.1843,
    "uf": 43
  },
  {
    "codigo_ibge": 4307708,
    "name": "Esteio",
    "lat": -29852,
    "lon": -51.1841,
    "uf": 43
  },
  {
    "codigo_ibge": 4307807,
    "name": "Estrela",
    "lat": -29.5002,
    "lon": -51.9495,
    "uf": 43
  },
  {
    "codigo_ibge": 4307815,
    "name": "Estrela Velha",
    "lat": -29.1713,
    "lon": -53.1639,
    "uf": 43
  },
  {
    "codigo_ibge": 4307831,
    "name": "Eugênio de Castro",
    "lat": -28.5315,
    "lon": -54.1506,
    "uf": 43
  },
  {
    "codigo_ibge": 4307864,
    "name": "Fagundes Varela",
    "lat": -28.8794,
    "lon": -51.7014,
    "uf": 43
  },
  {
    "codigo_ibge": 4307906,
    "name": "Farroupilha",
    "lat": -29.2227,
    "lon": -51.3419,
    "uf": 43
  },
  {
    "codigo_ibge": 4308003,
    "name": "Faxinal do Soturno",
    "lat": -29.5788,
    "lon": -53.4484,
    "uf": 43
  },
  {
    "codigo_ibge": 4308052,
    "name": "Faxinalzinho",
    "lat": -27.4238,
    "lon": -52.6789,
    "uf": 43
  },
  {
    "codigo_ibge": 4308078,
    "name": "Fazenda Vilanova",
    "lat": -29.5885,
    "lon": -51.8217,
    "uf": 43
  },
  {
    "codigo_ibge": 4308102,
    "name": "Feliz",
    "lat": -29.4527,
    "lon": -51.3032,
    "uf": 43
  },
  {
    "codigo_ibge": 4308201,
    "name": "Flores da Cunha",
    "lat": -29.0261,
    "lon": -51.1875,
    "uf": 43
  },
  {
    "codigo_ibge": 4308250,
    "name": "Floriano Peixoto",
    "lat": -27.8614,
    "lon": -52.0838,
    "uf": 43
  },
  {
    "codigo_ibge": 4308300,
    "name": "Fontoura Xavier",
    "lat": -28.9817,
    "lon": -52.3445,
    "uf": 43
  },
  {
    "codigo_ibge": 4308409,
    "name": "Formigueiro",
    "lat": -30.0035,
    "lon": -53.4959,
    "uf": 43
  },
  {
    "codigo_ibge": 4308433,
    "name": "Forquetinha",
    "lat": -29.3828,
    "lon": -52.0981,
    "uf": 43
  },
  {
    "codigo_ibge": 4308458,
    "name": "Fortaleza dos Valos",
    "lat": -28.7986,
    "lon": -53.2249,
    "uf": 43
  },
  {
    "codigo_ibge": 4308508,
    "name": "Frederico Westphalen",
    "lat": -27.3586,
    "lon": -53.3958,
    "uf": 43
  },
  {
    "codigo_ibge": 4308607,
    "name": "Garibaldi",
    "lat": -29259,
    "lon": -51.5352,
    "uf": 43
  },
  {
    "codigo_ibge": 4308656,
    "name": "Garruchos",
    "lat": -28.1944,
    "lon": -55.6383,
    "uf": 43
  },
  {
    "codigo_ibge": 4308706,
    "name": "Gaurama",
    "lat": -27.5856,
    "lon": -52.0915,
    "uf": 43
  },
  {
    "codigo_ibge": 4308805,
    "name": "General Câmara",
    "lat": -29.9032,
    "lon": -51.7612,
    "uf": 43
  },
  {
    "codigo_ibge": 4308854,
    "name": "Gentil",
    "lat": -28.4316,
    "lon": -52.0337,
    "uf": 43
  },
  {
    "codigo_ibge": 4308904,
    "name": "Getúlio Vargas",
    "lat": -27.8911,
    "lon": -52.2294,
    "uf": 43
  },
  {
    "codigo_ibge": 4309001,
    "name": "Giruá",
    "lat": -28.0297,
    "lon": -54.3517,
    "uf": 43
  },
  {
    "codigo_ibge": 4309050,
    "name": "Glorinha",
    "lat": -29.8798,
    "lon": -50.7734,
    "uf": 43
  },
  {
    "codigo_ibge": 4309100,
    "name": "Gramado",
    "lat": -29.3734,
    "lon": -50.8762,
    "uf": 43
  },
  {
    "codigo_ibge": 4309126,
    "name": "Gramado dos Loureiros",
    "lat": -27.4429,
    "lon": -52.9149,
    "uf": 43
  },
  {
    "codigo_ibge": 4309159,
    "name": "Gramado Xavier",
    "lat": -29.2706,
    "lon": -52.5795,
    "uf": 43
  },
  {
    "codigo_ibge": 4309209,
    "name": "Gravataí",
    "lat": -29.9413,
    "lon": -50.9869,
    "uf": 43
  },
  {
    "codigo_ibge": 4309258,
    "name": "Guabiju",
    "lat": -28.5421,
    "lon": -51.6948,
    "uf": 43
  },
  {
    "codigo_ibge": 4309308,
    "name": "Guaíba",
    "lat": -30.1086,
    "lon": -51.3233,
    "uf": 43
  },
  {
    "codigo_ibge": 4309407,
    "name": "Guaporé",
    "lat": -28.8399,
    "lon": -51.8895,
    "uf": 43
  },
  {
    "codigo_ibge": 4309506,
    "name": "Guarani das Missões",
    "lat": -28.1491,
    "lon": -54.5629,
    "uf": 43
  },
  {
    "codigo_ibge": 4309555,
    "name": "Harmonia",
    "lat": -29.5456,
    "lon": -51.4185,
    "uf": 43
  },
  {
    "codigo_ibge": 4307104,
    "name": "Herval",
    "lat": -32024,
    "lon": -53.3944,
    "uf": 43
  },
  {
    "codigo_ibge": 4309571,
    "name": "Herveiras",
    "lat": -29.4552,
    "lon": -52.6553,
    "uf": 43
  },
  {
    "codigo_ibge": 4309605,
    "name": "Horizontina",
    "lat": -27.6282,
    "lon": -54.3053,
    "uf": 43
  },
  {
    "codigo_ibge": 4309654,
    "name": "Hulha Negra",
    "lat": -31.4067,
    "lon": -53.8667,
    "uf": 43
  },
  {
    "codigo_ibge": 4309704,
    "name": "Humaitá",
    "lat": -27.5691,
    "lon": -53.9695,
    "uf": 43
  },
  {
    "codigo_ibge": 4309753,
    "name": "Ibarama",
    "lat": -29.4203,
    "lon": -53.1295,
    "uf": 43
  },
  {
    "codigo_ibge": 4309803,
    "name": "Ibiaçá",
    "lat": -28.0566,
    "lon": -51.8599,
    "uf": 43
  },
  {
    "codigo_ibge": 4309902,
    "name": "Ibiraiaras",
    "lat": -28.3741,
    "lon": -51.6377,
    "uf": 43
  },
  {
    "codigo_ibge": 4309951,
    "name": "Ibirapuitã",
    "lat": -28.6247,
    "lon": -52.5158,
    "uf": 43
  },
  {
    "codigo_ibge": 4310009,
    "name": "Ibirubá",
    "lat": -28.6302,
    "lon": -53.0961,
    "uf": 43
  },
  {
    "codigo_ibge": 4310108,
    "name": "Igrejinha",
    "lat": -29.5693,
    "lon": -50.7919,
    "uf": 43
  },
  {
    "codigo_ibge": 4310207,
    "name": "Ijuí",
    "lat": -28388,
    "lon": -53.92,
    "uf": 43
  },
  {
    "codigo_ibge": 4310306,
    "name": "Ilópolis",
    "lat": -28.9282,
    "lon": -52.1258,
    "uf": 43
  },
  {
    "codigo_ibge": 4310330,
    "name": "Imbé",
    "lat": -29.9753,
    "lon": -50.1281,
    "uf": 43
  },
  {
    "codigo_ibge": 4310363,
    "name": "Imigrante",
    "lat": -29.3508,
    "lon": -51.7748,
    "uf": 43
  },
  {
    "codigo_ibge": 4310405,
    "name": "Independência",
    "lat": -27.8354,
    "lon": -54.1886,
    "uf": 43
  },
  {
    "codigo_ibge": 4310413,
    "name": "Inhacorá",
    "lat": -27.8752,
    "lon": -54015,
    "uf": 43
  },
  {
    "codigo_ibge": 4310439,
    "name": "Ipê",
    "lat": -28.8171,
    "lon": -51.2859,
    "uf": 43
  },
  {
    "codigo_ibge": 4310462,
    "name": "Ipiranga do Sul",
    "lat": -27.9404,
    "lon": -52.4271,
    "uf": 43
  },
  {
    "codigo_ibge": 4310504,
    "name": "Iraí",
    "lat": -27.1951,
    "lon": -53.2543,
    "uf": 43
  },
  {
    "codigo_ibge": 4310538,
    "name": "Itaara",
    "lat": -29.6013,
    "lon": -53.7725,
    "uf": 43
  },
  {
    "codigo_ibge": 4310553,
    "name": "Itacurubi",
    "lat": -28.7913,
    "lon": -55.2447,
    "uf": 43
  },
  {
    "codigo_ibge": 4310579,
    "name": "Itapuca",
    "lat": -28.7768,
    "lon": -52.1693,
    "uf": 43
  },
  {
    "codigo_ibge": 4310603,
    "name": "Itaqui",
    "lat": -29.1311,
    "lon": -56.5515,
    "uf": 43
  },
  {
    "codigo_ibge": 4310652,
    "name": "Itati",
    "lat": -29.4974,
    "lon": -50.1016,
    "uf": 43
  },
  {
    "codigo_ibge": 4310702,
    "name": "Itatiba do Sul",
    "lat": -27.3846,
    "lon": -52.4538,
    "uf": 43
  },
  {
    "codigo_ibge": 4310751,
    "name": "Ivorá",
    "lat": -29.5232,
    "lon": -53.5842,
    "uf": 43
  },
  {
    "codigo_ibge": 4310801,
    "name": "Ivoti",
    "lat": -29.5995,
    "lon": -51.1533,
    "uf": 43
  },
  {
    "codigo_ibge": 4310850,
    "name": "Jaboticaba",
    "lat": -27.6347,
    "lon": -53.2762,
    "uf": 43
  },
  {
    "codigo_ibge": 4310876,
    "name": "Jacuizinho",
    "lat": -29.0401,
    "lon": -53.0657,
    "uf": 43
  },
  {
    "codigo_ibge": 4310900,
    "name": "Jacutinga",
    "lat": -27.7291,
    "lon": -52.5372,
    "uf": 43
  },
  {
    "codigo_ibge": 4311007,
    "name": "Jaguarão",
    "lat": -32.5604,
    "lon": -53377,
    "uf": 43
  },
  {
    "codigo_ibge": 4311106,
    "name": "Jaguari",
    "lat": -29.4936,
    "lon": -54703,
    "uf": 43
  },
  {
    "codigo_ibge": 4311122,
    "name": "Jaquirana",
    "lat": -28.8811,
    "lon": -50.3637,
    "uf": 43
  },
  {
    "codigo_ibge": 4311130,
    "name": "Jari",
    "lat": -29.2922,
    "lon": -54.2237,
    "uf": 43
  },
  {
    "codigo_ibge": 4311155,
    "name": "Jóia",
    "lat": -28.6435,
    "lon": -54.1141,
    "uf": 43
  },
  {
    "codigo_ibge": 4311205,
    "name": "Júlio de Castilhos",
    "lat": -29.2299,
    "lon": -53.6772,
    "uf": 43
  },
  {
    "codigo_ibge": 4311239,
    "name": "Lagoa Bonita do Sul",
    "lat": -29.4939,
    "lon": -53017,
    "uf": 43
  },
  {
    "codigo_ibge": 4311270,
    "name": "Lagoa dos Três Cantos",
    "lat": -28.5676,
    "lon": -52.8618,
    "uf": 43
  },
  {
    "codigo_ibge": 4311304,
    "name": "Lagoa Vermelha",
    "lat": -28.2093,
    "lon": -51.5248,
    "uf": 43
  },
  {
    "codigo_ibge": 4311254,
    "name": "Lagoão",
    "lat": -29.2348,
    "lon": -52.7997,
    "uf": 43
  },
  {
    "codigo_ibge": 4311403,
    "name": "Lajeado",
    "lat": -29.4591,
    "lon": -51.9644,
    "uf": 43
  },
  {
    "codigo_ibge": 4311429,
    "name": "Lajeado do Bugre",
    "lat": -27.6913,
    "lon": -53.1818,
    "uf": 43
  },
  {
    "codigo_ibge": 4311502,
    "name": "Lavras do Sul",
    "lat": -30.8071,
    "lon": -53.8931,
    "uf": 43
  },
  {
    "codigo_ibge": 4311601,
    "name": "Liberato Salzano",
    "lat": -27601,
    "lon": -53.0753,
    "uf": 43
  },
  {
    "codigo_ibge": 4311627,
    "name": "Lindolfo Collor",
    "lat": -29.5859,
    "lon": -51.2141,
    "uf": 43
  },
  {
    "codigo_ibge": 4311643,
    "name": "Linha Nova",
    "lat": -29.4679,
    "lon": -51.2003,
    "uf": 43
  },
  {
    "codigo_ibge": 4311718,
    "name": "Maçambará",
    "lat": -29.1445,
    "lon": -56.0674,
    "uf": 43
  },
  {
    "codigo_ibge": 4311700,
    "name": "Machadinho",
    "lat": -27.5667,
    "lon": -51.6668,
    "uf": 43
  },
  {
    "codigo_ibge": 4311734,
    "name": "Mampituba",
    "lat": -29.2136,
    "lon": -49.9311,
    "uf": 43
  },
  {
    "codigo_ibge": 4311759,
    "name": "Manoel Viana",
    "lat": -29.5859,
    "lon": -55.4841,
    "uf": 43
  },
  {
    "codigo_ibge": 4311775,
    "name": "Maquiné",
    "lat": -29.6798,
    "lon": -50.2079,
    "uf": 43
  },
  {
    "codigo_ibge": 4311791,
    "name": "Maratá",
    "lat": -29.5457,
    "lon": -51.5573,
    "uf": 43
  },
  {
    "codigo_ibge": 4311809,
    "name": "Marau",
    "lat": -28.4498,
    "lon": -52.1986,
    "uf": 43
  },
  {
    "codigo_ibge": 4311908,
    "name": "Marcelino Ramos",
    "lat": -27.4676,
    "lon": -51.9095,
    "uf": 43
  },
  {
    "codigo_ibge": 4311981,
    "name": "Mariana Pimentel",
    "lat": -30353,
    "lon": -51.5803,
    "uf": 43
  },
  {
    "codigo_ibge": 4312005,
    "name": "Mariano Moro",
    "lat": -27.3568,
    "lon": -52.1467,
    "uf": 43
  },
  {
    "codigo_ibge": 4312054,
    "name": "Marques de Souza",
    "lat": -29.3311,
    "lon": -52.0973,
    "uf": 43
  },
  {
    "codigo_ibge": 4312104,
    "name": "Mata",
    "lat": -29.5649,
    "lon": -54.4641,
    "uf": 43
  },
  {
    "codigo_ibge": 4312138,
    "name": "Mato Castelhano",
    "lat": -28.28,
    "lon": -52.1932,
    "uf": 43
  },
  {
    "codigo_ibge": 4312153,
    "name": "Mato Leitão",
    "lat": -29.5285,
    "lon": -52.1278,
    "uf": 43
  },
  {
    "codigo_ibge": 4312179,
    "name": "Mato Queimado",
    "lat": -28252,
    "lon": -54.6159,
    "uf": 43
  },
  {
    "codigo_ibge": 4312203,
    "name": "Maximiliano de Almeida",
    "lat": -27.6325,
    "lon": -51802,
    "uf": 43
  },
  {
    "codigo_ibge": 4312252,
    "name": "Minas do Leão",
    "lat": -30.1346,
    "lon": -52.0423,
    "uf": 43
  },
  {
    "codigo_ibge": 4312302,
    "name": "Miraguaí",
    "lat": -27497,
    "lon": -53.6891,
    "uf": 43
  },
  {
    "codigo_ibge": 4312351,
    "name": "Montauri",
    "lat": -28.6462,
    "lon": -52.0767,
    "uf": 43
  },
  {
    "codigo_ibge": 4312377,
    "name": "Monte Alegre dos Campos",
    "lat": -28.6805,
    "lon": -50.7834,
    "uf": 43
  },
  {
    "codigo_ibge": 4312385,
    "name": "Monte Belo do Sul",
    "lat": -29.1607,
    "lon": -51.6333,
    "uf": 43
  },
  {
    "codigo_ibge": 4312401,
    "name": "Montenegro",
    "lat": -29.6824,
    "lon": -51.4679,
    "uf": 43
  },
  {
    "codigo_ibge": 4312427,
    "name": "Mormaço",
    "lat": -28.6968,
    "lon": -52.6999,
    "uf": 43
  },
  {
    "codigo_ibge": 4312443,
    "name": "Morrinhos do Sul",
    "lat": -29.3578,
    "lon": -49.9328,
    "uf": 43
  },
  {
    "codigo_ibge": 4312450,
    "name": "Morro Redondo",
    "lat": -31.5887,
    "lon": -52.6261,
    "uf": 43
  },
  {
    "codigo_ibge": 4312476,
    "name": "Morro Reuter",
    "lat": -29.5379,
    "lon": -51.0811,
    "uf": 43
  },
  {
    "codigo_ibge": 4312500,
    "name": "Mostardas",
    "lat": -31.1054,
    "lon": -50.9167,
    "uf": 43
  },
  {
    "codigo_ibge": 4312609,
    "name": "Muçum",
    "lat": -29163,
    "lon": -51.8714,
    "uf": 43
  },
  {
    "codigo_ibge": 4312617,
    "name": "Muitos Capões",
    "lat": -28.3132,
    "lon": -51.1836,
    "uf": 43
  },
  {
    "codigo_ibge": 4312625,
    "name": "Muliterno",
    "lat": -28.3253,
    "lon": -51.7697,
    "uf": 43
  },
  {
    "codigo_ibge": 4312658,
    "name": "Não-Me-Toque",
    "lat": -28.4548,
    "lon": -52.8182,
    "uf": 43
  },
  {
    "codigo_ibge": 4312674,
    "name": "Nicolau Vergueiro",
    "lat": -28.5298,
    "lon": -52.4676,
    "uf": 43
  },
  {
    "codigo_ibge": 4312708,
    "name": "Nonoai",
    "lat": -27.3689,
    "lon": -52.7756,
    "uf": 43
  },
  {
    "codigo_ibge": 4312757,
    "name": "Nova Alvorada",
    "lat": -28.6822,
    "lon": -52.1631,
    "uf": 43
  },
  {
    "codigo_ibge": 4312807,
    "name": "Nova Araçá",
    "lat": -28.6537,
    "lon": -51.7458,
    "uf": 43
  },
  {
    "codigo_ibge": 4312906,
    "name": "Nova Bassano",
    "lat": -28.7291,
    "lon": -51.7072,
    "uf": 43
  },
  {
    "codigo_ibge": 4312955,
    "name": "Nova Boa Vista",
    "lat": -27.9926,
    "lon": -52.9784,
    "uf": 43
  },
  {
    "codigo_ibge": 4313003,
    "name": "Nova Bréscia",
    "lat": -29.2182,
    "lon": -52.0319,
    "uf": 43
  },
  {
    "codigo_ibge": 4313011,
    "name": "Nova Candelária",
    "lat": -27.6137,
    "lon": -54.1074,
    "uf": 43
  },
  {
    "codigo_ibge": 4313037,
    "name": "Nova Esperança do Sul",
    "lat": -29.4066,
    "lon": -54.8293,
    "uf": 43
  },
  {
    "codigo_ibge": 4313060,
    "name": "Nova Hartz",
    "lat": -29.5808,
    "lon": -50.9051,
    "uf": 43
  },
  {
    "codigo_ibge": 4313086,
    "name": "Nova Pádua",
    "lat": -29.0275,
    "lon": -51.3098,
    "uf": 43
  },
  {
    "codigo_ibge": 4313102,
    "name": "Nova Palma",
    "lat": -29471,
    "lon": -53.4689,
    "uf": 43
  },
  {
    "codigo_ibge": 4313201,
    "name": "Nova Petrópolis",
    "lat": -29.3741,
    "lon": -51.1136,
    "uf": 43
  },
  {
    "codigo_ibge": 4313300,
    "name": "Nova Prata",
    "lat": -28.7799,
    "lon": -51.6113,
    "uf": 43
  },
  {
    "codigo_ibge": 4313334,
    "name": "Nova Ramada",
    "lat": -28.0667,
    "lon": -53.6992,
    "uf": 43
  },
  {
    "codigo_ibge": 4313359,
    "name": "Nova Roma do Sul",
    "lat": -28.9882,
    "lon": -51.4095,
    "uf": 43
  },
  {
    "codigo_ibge": 4313375,
    "name": "Nova Santa Rita",
    "lat": -29.8525,
    "lon": -51.2837,
    "uf": 43
  },
  {
    "codigo_ibge": 4313490,
    "name": "Novo Barreiro",
    "lat": -27.9077,
    "lon": -53.1103,
    "uf": 43
  },
  {
    "codigo_ibge": 4313391,
    "name": "Novo Cabrais",
    "lat": -29.7338,
    "lon": -52.9489,
    "uf": 43
  },
  {
    "codigo_ibge": 4313409,
    "name": "Novo Hamburgo",
    "lat": -29.6875,
    "lon": -51.1328,
    "uf": 43
  },
  {
    "codigo_ibge": 4313425,
    "name": "Novo Machado",
    "lat": -27.5765,
    "lon": -54.5036,
    "uf": 43
  },
  {
    "codigo_ibge": 4313441,
    "name": "Novo Tiradentes",
    "lat": -27.5649,
    "lon": -53.1837,
    "uf": 43
  },
  {
    "codigo_ibge": 4313466,
    "name": "Novo Xingu",
    "lat": -27749,
    "lon": -53.0639,
    "uf": 43
  },
  {
    "codigo_ibge": 4313508,
    "name": "Osório",
    "lat": -29.8881,
    "lon": -50.2667,
    "uf": 43
  },
  {
    "codigo_ibge": 4313607,
    "name": "Paim Filho",
    "lat": -27.7075,
    "lon": -51763,
    "uf": 43
  },
  {
    "codigo_ibge": 4313656,
    "name": "Palmares do Sul",
    "lat": -30.2535,
    "lon": -50.5103,
    "uf": 43
  },
  {
    "codigo_ibge": 4313706,
    "name": "Palmeira das Missões",
    "lat": -27.9007,
    "lon": -53.3134,
    "uf": 43
  },
  {
    "codigo_ibge": 4313805,
    "name": "Palmitinho",
    "lat": -27.3596,
    "lon": -53558,
    "uf": 43
  },
  {
    "codigo_ibge": 4313904,
    "name": "Panambi",
    "lat": -28.2833,
    "lon": -53.5023,
    "uf": 43
  },
  {
    "codigo_ibge": 4313953,
    "name": "Pantano Grande",
    "lat": -30.1902,
    "lon": -52.3729,
    "uf": 43
  },
  {
    "codigo_ibge": 4314001,
    "name": "Paraí",
    "lat": -28.5964,
    "lon": -51.7896,
    "uf": 43
  },
  {
    "codigo_ibge": 4314027,
    "name": "Paraíso do Sul",
    "lat": -29.6717,
    "lon": -53144,
    "uf": 43
  },
  {
    "codigo_ibge": 4314035,
    "name": "Pareci Novo",
    "lat": -29.6365,
    "lon": -51.3974,
    "uf": 43
  },
  {
    "codigo_ibge": 4314050,
    "name": "Parobé",
    "lat": -29.6243,
    "lon": -50.8312,
    "uf": 43
  },
  {
    "codigo_ibge": 4314068,
    "name": "Passa Sete",
    "lat": -29.4577,
    "lon": -52.9599,
    "uf": 43
  },
  {
    "codigo_ibge": 4314076,
    "name": "Passo do Sobrado",
    "lat": -29748,
    "lon": -52.2748,
    "uf": 43
  },
  {
    "codigo_ibge": 4314100,
    "name": "Passo Fundo",
    "lat": -28.2576,
    "lon": -52.4091,
    "uf": 43
  },
  {
    "codigo_ibge": 4314134,
    "name": "Paulo Bento",
    "lat": -27.7051,
    "lon": -52.4169,
    "uf": 43
  },
  {
    "codigo_ibge": 4314159,
    "name": "Paverama",
    "lat": -29.5486,
    "lon": -51.7339,
    "uf": 43
  },
  {
    "codigo_ibge": 4314175,
    "name": "Pedras Altas",
    "lat": -31.7365,
    "lon": -53.5814,
    "uf": 43
  },
  {
    "codigo_ibge": 4314209,
    "name": "Pedro Osório",
    "lat": -31.8642,
    "lon": -52.8184,
    "uf": 43
  },
  {
    "codigo_ibge": 4314308,
    "name": "Pejuçara",
    "lat": -28.4283,
    "lon": -53.6579,
    "uf": 43
  },
  {
    "codigo_ibge": 4314407,
    "name": "Pelotas",
    "lat": -31.7649,
    "lon": -52.3371,
    "uf": 43
  },
  {
    "codigo_ibge": 4314423,
    "name": "Picada Café",
    "lat": -29.4464,
    "lon": -51.1367,
    "uf": 43
  },
  {
    "codigo_ibge": 4314456,
    "name": "Pinhal",
    "lat": -27508,
    "lon": -53.2082,
    "uf": 43
  },
  {
    "codigo_ibge": 4314464,
    "name": "Pinhal da Serra",
    "lat": -27.8751,
    "lon": -51.1673,
    "uf": 43
  },
  {
    "codigo_ibge": 4314472,
    "name": "Pinhal Grande",
    "lat": -29345,
    "lon": -53.3206,
    "uf": 43
  },
  {
    "codigo_ibge": 4314498,
    "name": "Pinheirinho do Vale",
    "lat": -27.2109,
    "lon": -53608,
    "uf": 43
  },
  {
    "codigo_ibge": 4314506,
    "name": "Pinheiro Machado",
    "lat": -31.5794,
    "lon": -53.3798,
    "uf": 43
  },
  {
    "codigo_ibge": 4314548,
    "name": "Pinto Bandeira",
    "lat": -29.0975,
    "lon": -51.4503,
    "uf": 43
  },
  {
    "codigo_ibge": 4314555,
    "name": "Pirapó",
    "lat": -28.0439,
    "lon": -55.2001,
    "uf": 43
  },
  {
    "codigo_ibge": 4314605,
    "name": "Piratini",
    "lat": -31.4473,
    "lon": -53.0973,
    "uf": 43
  },
  {
    "codigo_ibge": 4314704,
    "name": "Planalto",
    "lat": -27.3297,
    "lon": -53.0575,
    "uf": 43
  },
  {
    "codigo_ibge": 4314753,
    "name": "Poço das Antas",
    "lat": -29.4481,
    "lon": -51.6719,
    "uf": 43
  },
  {
    "codigo_ibge": 4314779,
    "name": "Pontão",
    "lat": -28.0585,
    "lon": -52.6791,
    "uf": 43
  },
  {
    "codigo_ibge": 4314787,
    "name": "Ponte Preta",
    "lat": -27.6587,
    "lon": -52.4848,
    "uf": 43
  },
  {
    "codigo_ibge": 4314803,
    "name": "Portão",
    "lat": -29.7015,
    "lon": -51.2429,
    "uf": 43
  },
  {
    "codigo_ibge": 4314902,
    "name": "Porto Alegre",
    "lat": -30.0318,
    "lon": -51.2065,
    "uf": 43
  },
  {
    "codigo_ibge": 4315008,
    "name": "Porto Lucena",
    "lat": -27.8569,
    "lon": -55.01,
    "uf": 43
  },
  {
    "codigo_ibge": 4315057,
    "name": "Porto Mauá",
    "lat": -27.5796,
    "lon": -54.6657,
    "uf": 43
  },
  {
    "codigo_ibge": 4315073,
    "name": "Porto Vera Cruz",
    "lat": -27.7405,
    "lon": -54.8994,
    "uf": 43
  },
  {
    "codigo_ibge": 4315107,
    "name": "Porto Xavier",
    "lat": -27.9082,
    "lon": -55.1379,
    "uf": 43
  },
  {
    "codigo_ibge": 4315131,
    "name": "Pouso Novo",
    "lat": -29.1738,
    "lon": -52.2136,
    "uf": 43
  },
  {
    "codigo_ibge": 4315149,
    "name": "Presidente Lucena",
    "lat": -29.5175,
    "lon": -51.1798,
    "uf": 43
  },
  {
    "codigo_ibge": 4315156,
    "name": "Progresso",
    "lat": -29.2441,
    "lon": -52.3197,
    "uf": 43
  },
  {
    "codigo_ibge": 4315172,
    "name": "Protásio Alves",
    "lat": -28.7572,
    "lon": -51.4757,
    "uf": 43
  },
  {
    "codigo_ibge": 4315206,
    "name": "Putinga",
    "lat": -29.0045,
    "lon": -52.1569,
    "uf": 43
  },
  {
    "codigo_ibge": 4315305,
    "name": "Quaraí",
    "lat": -30384,
    "lon": -56.4483,
    "uf": 43
  },
  {
    "codigo_ibge": 4315313,
    "name": "Quatro Irmãos",
    "lat": -27.8257,
    "lon": -52.4424,
    "uf": 43
  },
  {
    "codigo_ibge": 4315321,
    "name": "Quevedos",
    "lat": -29.3504,
    "lon": -54.0789,
    "uf": 43
  },
  {
    "codigo_ibge": 4315354,
    "name": "Quinze de Novembro",
    "lat": -28.7466,
    "lon": -53.1011,
    "uf": 43
  },
  {
    "codigo_ibge": 4315404,
    "name": "Redentora",
    "lat": -27664,
    "lon": -53.6407,
    "uf": 43
  },
  {
    "codigo_ibge": 4315453,
    "name": "Relvado",
    "lat": -29.1164,
    "lon": -52.0778,
    "uf": 43
  },
  {
    "codigo_ibge": 4315503,
    "name": "Restinga Sêca",
    "lat": -29.8188,
    "lon": -53.3807,
    "uf": 43
  },
  {
    "codigo_ibge": 4315552,
    "name": "Rio dos Índios",
    "lat": -27.2973,
    "lon": -52.8417,
    "uf": 43
  },
  {
    "codigo_ibge": 4315602,
    "name": "Rio Grande",
    "lat": -32.0349,
    "lon": -52.1071,
    "uf": 43
  },
  {
    "codigo_ibge": 4315701,
    "name": "Rio Pardo",
    "lat": -29988,
    "lon": -52.3711,
    "uf": 43
  },
  {
    "codigo_ibge": 4315750,
    "name": "Riozinho",
    "lat": -29639,
    "lon": -50.4488,
    "uf": 43
  },
  {
    "codigo_ibge": 4315800,
    "name": "Roca Sales",
    "lat": -29.2884,
    "lon": -51.8658,
    "uf": 43
  },
  {
    "codigo_ibge": 4315909,
    "name": "Rodeio Bonito",
    "lat": -27.4742,
    "lon": -53.1706,
    "uf": 43
  },
  {
    "codigo_ibge": 4315958,
    "name": "Rolador",
    "lat": -28.2566,
    "lon": -54.8186,
    "uf": 43
  },
  {
    "codigo_ibge": 4316006,
    "name": "Rolante",
    "lat": -29.6462,
    "lon": -50.5819,
    "uf": 43
  },
  {
    "codigo_ibge": 4316105,
    "name": "Ronda Alta",
    "lat": -27.7758,
    "lon": -52.8056,
    "uf": 43
  },
  {
    "codigo_ibge": 4316204,
    "name": "Rondinha",
    "lat": -27.8315,
    "lon": -52.9081,
    "uf": 43
  },
  {
    "codigo_ibge": 4316303,
    "name": "Roque Gonzales",
    "lat": -28.1297,
    "lon": -55.0266,
    "uf": 43
  },
  {
    "codigo_ibge": 4316402,
    "name": "Rosário do Sul",
    "lat": -30.2515,
    "lon": -54.9221,
    "uf": 43
  },
  {
    "codigo_ibge": 4316428,
    "name": "Sagrada Família",
    "lat": -27.7085,
    "lon": -53.1351,
    "uf": 43
  },
  {
    "codigo_ibge": 4316436,
    "name": "Saldanha Marinho",
    "lat": -28.3941,
    "lon": -53097,
    "uf": 43
  },
  {
    "codigo_ibge": 4316451,
    "name": "Salto do Jacuí",
    "lat": -29.0951,
    "lon": -53.2133,
    "uf": 43
  },
  {
    "codigo_ibge": 4316477,
    "name": "Salvador das Missões",
    "lat": -28.1233,
    "lon": -54.8373,
    "uf": 43
  },
  {
    "codigo_ibge": 4316501,
    "name": "Salvador do Sul",
    "lat": -29.4386,
    "lon": -51.5077,
    "uf": 43
  },
  {
    "codigo_ibge": 4316600,
    "name": "Sananduva",
    "lat": -27947,
    "lon": -51.8079,
    "uf": 43
  },
  {
    "codigo_ibge": 4317103,
    "name": "Sant'Ana do Livramento",
    "lat": -30.8773,
    "lon": -55.5392,
    "uf": 43
  },
  {
    "codigo_ibge": 4316709,
    "name": "Santa Bárbara do Sul",
    "lat": -28.3653,
    "lon": -53251,
    "uf": 43
  },
  {
    "codigo_ibge": 4316733,
    "name": "Santa Cecília do Sul",
    "lat": -28.1609,
    "lon": -51.9279,
    "uf": 43
  },
  {
    "codigo_ibge": 4316758,
    "name": "Santa Clara do Sul",
    "lat": -29.4747,
    "lon": -52.0843,
    "uf": 43
  },
  {
    "codigo_ibge": 4316808,
    "name": "Santa Cruz do Sul",
    "lat": -29722,
    "lon": -52.4343,
    "uf": 43
  },
  {
    "codigo_ibge": 4316972,
    "name": "Santa Margarida do Sul",
    "lat": -30.3393,
    "lon": -54.0817,
    "uf": 43
  },
  {
    "codigo_ibge": 4316907,
    "name": "Santa Maria",
    "lat": -29.6868,
    "lon": -53.8149,
    "uf": 43
  },
  {
    "codigo_ibge": 4316956,
    "name": "Santa Maria do Herval",
    "lat": -29.4902,
    "lon": -50.9919,
    "uf": 43
  },
  {
    "codigo_ibge": 4317202,
    "name": "Santa Rosa",
    "lat": -27.8702,
    "lon": -54.4796,
    "uf": 43
  },
  {
    "codigo_ibge": 4317251,
    "name": "Santa Tereza",
    "lat": -29.1655,
    "lon": -51.7351,
    "uf": 43
  },
  {
    "codigo_ibge": 4317301,
    "name": "Santa Vitória do Palmar",
    "lat": -33525,
    "lon": -53.3717,
    "uf": 43
  },
  {
    "codigo_ibge": 4317004,
    "name": "Santana da Boa Vista",
    "lat": -30.8697,
    "lon": -53.11,
    "uf": 43
  },
  {
    "codigo_ibge": 4317400,
    "name": "Santiago",
    "lat": -29.1897,
    "lon": -54.8666,
    "uf": 43
  },
  {
    "codigo_ibge": 4317509,
    "name": "Santo Ângelo",
    "lat": -28.3001,
    "lon": -54.2668,
    "uf": 43
  },
  {
    "codigo_ibge": 4317608,
    "name": "Santo Antônio da Patrulha",
    "lat": -29.8268,
    "lon": -50.5175,
    "uf": 43
  },
  {
    "codigo_ibge": 4317707,
    "name": "Santo Antônio das Missões",
    "lat": -28514,
    "lon": -55.2251,
    "uf": 43
  },
  {
    "codigo_ibge": 4317558,
    "name": "Santo Antônio do Palma",
    "lat": -28.4956,
    "lon": -52.0267,
    "uf": 43
  },
  {
    "codigo_ibge": 4317756,
    "name": "Santo Antônio do Planalto",
    "lat": -28403,
    "lon": -52.6992,
    "uf": 43
  },
  {
    "codigo_ibge": 4317806,
    "name": "Santo Augusto",
    "lat": -27.8526,
    "lon": -53.7776,
    "uf": 43
  },
  {
    "codigo_ibge": 4317905,
    "name": "Santo Cristo",
    "lat": -27.8263,
    "lon": -54662,
    "uf": 43
  },
  {
    "codigo_ibge": 4317954,
    "name": "Santo Expedito do Sul",
    "lat": -27.9074,
    "lon": -51.6434,
    "uf": 43
  },
  {
    "codigo_ibge": 4318002,
    "name": "São Borja",
    "lat": -28.6578,
    "lon": -56.0036,
    "uf": 43
  },
  {
    "codigo_ibge": 4318051,
    "name": "São Domingos do Sul",
    "lat": -28.5312,
    "lon": -51886,
    "uf": 43
  },
  {
    "codigo_ibge": 4318101,
    "name": "São Francisco de Assis",
    "lat": -29.5547,
    "lon": -55.1253,
    "uf": 43
  },
  {
    "codigo_ibge": 4318200,
    "name": "São Francisco de Paula",
    "lat": -29.4404,
    "lon": -50.5828,
    "uf": 43
  },
  {
    "codigo_ibge": 4318309,
    "name": "São Gabriel",
    "lat": -30.3337,
    "lon": -54.3217,
    "uf": 43
  },
  {
    "codigo_ibge": 4318408,
    "name": "São Jerônimo",
    "lat": -29.9716,
    "lon": -51.7251,
    "uf": 43
  },
  {
    "codigo_ibge": 4318424,
    "name": "São João da Urtiga",
    "lat": -27.8195,
    "lon": -51.8257,
    "uf": 43
  },
  {
    "codigo_ibge": 4318432,
    "name": "São João do Polêsine",
    "lat": -29.6194,
    "lon": -53.4439,
    "uf": 43
  },
  {
    "codigo_ibge": 4318440,
    "name": "São Jorge",
    "lat": -28.4984,
    "lon": -51.7064,
    "uf": 43
  },
  {
    "codigo_ibge": 4318457,
    "name": "São José das Missões",
    "lat": -27.7789,
    "lon": -53.1226,
    "uf": 43
  },
  {
    "codigo_ibge": 4318465,
    "name": "São José do Herval",
    "lat": -29052,
    "lon": -52295,
    "uf": 43
  },
  {
    "codigo_ibge": 4318481,
    "name": "São José do Hortêncio",
    "lat": -29528,
    "lon": -51245,
    "uf": 43
  },
  {
    "codigo_ibge": 4318499,
    "name": "São José do Inhacorá",
    "lat": -27.7251,
    "lon": -54.1275,
    "uf": 43
  },
  {
    "codigo_ibge": 4318507,
    "name": "São José do Norte",
    "lat": -32.0151,
    "lon": -52.0331,
    "uf": 43
  },
  {
    "codigo_ibge": 4318606,
    "name": "São José do Ouro",
    "lat": -27.7707,
    "lon": -51.5966,
    "uf": 43
  },
  {
    "codigo_ibge": 4318614,
    "name": "São José do Sul",
    "lat": -29.5448,
    "lon": -51.4821,
    "uf": 43
  },
  {
    "codigo_ibge": 4318622,
    "name": "São José dos Ausentes",
    "lat": -28.7476,
    "lon": -50.0677,
    "uf": 43
  },
  {
    "codigo_ibge": 4318705,
    "name": "São Leopoldo",
    "lat": -29.7545,
    "lon": -51.1498,
    "uf": 43
  },
  {
    "codigo_ibge": 4318804,
    "name": "São Lourenço do Sul",
    "lat": -31.3564,
    "lon": -51.9715,
    "uf": 43
  },
  {
    "codigo_ibge": 4318903,
    "name": "São Luiz Gonzaga",
    "lat": -28412,
    "lon": -54.9559,
    "uf": 43
  },
  {
    "codigo_ibge": 4319000,
    "name": "São Marcos",
    "lat": -28.9677,
    "lon": -51.0696,
    "uf": 43
  },
  {
    "codigo_ibge": 4319109,
    "name": "São Martinho",
    "lat": -27.7112,
    "lon": -53.9699,
    "uf": 43
  },
  {
    "codigo_ibge": 4319125,
    "name": "São Martinho da Serra",
    "lat": -29.5397,
    "lon": -53859,
    "uf": 43
  },
  {
    "codigo_ibge": 4319158,
    "name": "São Miguel das Missões",
    "lat": -28556,
    "lon": -54.5559,
    "uf": 43
  },
  {
    "codigo_ibge": 4319208,
    "name": "São Nicolau",
    "lat": -28.1834,
    "lon": -55.2654,
    "uf": 43
  },
  {
    "codigo_ibge": 4319307,
    "name": "São Paulo das Missões",
    "lat": -28.0195,
    "lon": -54.9404,
    "uf": 43
  },
  {
    "codigo_ibge": 4319356,
    "name": "São Pedro da Serra",
    "lat": -29.4193,
    "lon": -51.5134,
    "uf": 43
  },
  {
    "codigo_ibge": 4319364,
    "name": "São Pedro das Missões",
    "lat": -27.7706,
    "lon": -53.2513,
    "uf": 43
  },
  {
    "codigo_ibge": 4319372,
    "name": "São Pedro do Butiá",
    "lat": -28.1243,
    "lon": -54.8926,
    "uf": 43
  },
  {
    "codigo_ibge": 4319406,
    "name": "São Pedro do Sul",
    "lat": -29.6202,
    "lon": -54.1855,
    "uf": 43
  },
  {
    "codigo_ibge": 4319505,
    "name": "São Sebastião do Caí",
    "lat": -29.5885,
    "lon": -51.3749,
    "uf": 43
  },
  {
    "codigo_ibge": 4319604,
    "name": "São Sepé",
    "lat": -30.1643,
    "lon": -53.5603,
    "uf": 43
  },
  {
    "codigo_ibge": 4319703,
    "name": "São Valentim",
    "lat": -27.5583,
    "lon": -52.5237,
    "uf": 43
  },
  {
    "codigo_ibge": 4319711,
    "name": "São Valentim do Sul",
    "lat": -29.0451,
    "lon": -51.7684,
    "uf": 43
  },
  {
    "codigo_ibge": 4319737,
    "name": "São Valério do Sul",
    "lat": -27.7906,
    "lon": -53.9368,
    "uf": 43
  },
  {
    "codigo_ibge": 4319752,
    "name": "São Vendelino",
    "lat": -29.3729,
    "lon": -51.3675,
    "uf": 43
  },
  {
    "codigo_ibge": 4319802,
    "name": "São Vicente do Sul",
    "lat": -29.6882,
    "lon": -54.6826,
    "uf": 43
  },
  {
    "codigo_ibge": 4319901,
    "name": "Sapiranga",
    "lat": -29.6349,
    "lon": -51.0064,
    "uf": 43
  },
  {
    "codigo_ibge": 4320008,
    "name": "Sapucaia do Sul",
    "lat": -29.8276,
    "lon": -51145,
    "uf": 43
  },
  {
    "codigo_ibge": 4320107,
    "name": "Sarandi",
    "lat": -27942,
    "lon": -52.9231,
    "uf": 43
  },
  {
    "codigo_ibge": 4320206,
    "name": "Seberi",
    "lat": -27.4829,
    "lon": -53.4026,
    "uf": 43
  },
  {
    "codigo_ibge": 4320230,
    "name": "Sede Nova",
    "lat": -27.6367,
    "lon": -53.9493,
    "uf": 43
  },
  {
    "codigo_ibge": 4320263,
    "name": "Segredo",
    "lat": -29.3523,
    "lon": -52.9767,
    "uf": 43
  },
  {
    "codigo_ibge": 4320305,
    "name": "Selbach",
    "lat": -28.6294,
    "lon": -52.9498,
    "uf": 43
  },
  {
    "codigo_ibge": 4320321,
    "name": "Senador Salgado Filho",
    "lat": -28025,
    "lon": -54.5507,
    "uf": 43
  },
  {
    "codigo_ibge": 4320354,
    "name": "Sentinela do Sul",
    "lat": -30.6107,
    "lon": -51.5862,
    "uf": 43
  },
  {
    "codigo_ibge": 4320404,
    "name": "Serafina Corrêa",
    "lat": -28.7126,
    "lon": -51.9352,
    "uf": 43
  },
  {
    "codigo_ibge": 4320453,
    "name": "Sério",
    "lat": -29.3904,
    "lon": -52.2685,
    "uf": 43
  },
  {
    "codigo_ibge": 4320503,
    "name": "Sertão",
    "lat": -27.9798,
    "lon": -52.2588,
    "uf": 43
  },
  {
    "codigo_ibge": 4320552,
    "name": "Sertão Santana",
    "lat": -30.4562,
    "lon": -51.6017,
    "uf": 43
  },
  {
    "codigo_ibge": 4320578,
    "name": "Sete de Setembro",
    "lat": -28.1362,
    "lon": -54.4637,
    "uf": 43
  },
  {
    "codigo_ibge": 4320602,
    "name": "Severiano de Almeida",
    "lat": -27.4362,
    "lon": -52.1217,
    "uf": 43
  },
  {
    "codigo_ibge": 4320651,
    "name": "Silveira Martins",
    "lat": -29.6467,
    "lon": -53591,
    "uf": 43
  },
  {
    "codigo_ibge": 4320677,
    "name": "Sinimbu",
    "lat": -29.5357,
    "lon": -52.5304,
    "uf": 43
  },
  {
    "codigo_ibge": 4320701,
    "name": "Sobradinho",
    "lat": -29.4194,
    "lon": -53.0326,
    "uf": 43
  },
  {
    "codigo_ibge": 4320800,
    "name": "Soledade",
    "lat": -28.8306,
    "lon": -52.5131,
    "uf": 43
  },
  {
    "codigo_ibge": 4320859,
    "name": "Tabaí",
    "lat": -29643,
    "lon": -51.6823,
    "uf": 43
  },
  {
    "codigo_ibge": 4320909,
    "name": "Tapejara",
    "lat": -28.0652,
    "lon": -52.0097,
    "uf": 43
  },
  {
    "codigo_ibge": 4321006,
    "name": "Tapera",
    "lat": -28.6277,
    "lon": -52.8613,
    "uf": 43
  },
  {
    "codigo_ibge": 4321105,
    "name": "Tapes",
    "lat": -30.6683,
    "lon": -51.3991,
    "uf": 43
  },
  {
    "codigo_ibge": 4321204,
    "name": "Taquara",
    "lat": -29.6505,
    "lon": -50.7753,
    "uf": 43
  },
  {
    "codigo_ibge": 4321303,
    "name": "Taquari",
    "lat": -29.7943,
    "lon": -51.8653,
    "uf": 43
  },
  {
    "codigo_ibge": 4321329,
    "name": "Taquaruçu do Sul",
    "lat": -27.4005,
    "lon": -53.4702,
    "uf": 43
  },
  {
    "codigo_ibge": 4321352,
    "name": "Tavares",
    "lat": -31.2843,
    "lon": -51088,
    "uf": 43
  },
  {
    "codigo_ibge": 4321402,
    "name": "Tenente Portela",
    "lat": -27.3711,
    "lon": -53.7585,
    "uf": 43
  },
  {
    "codigo_ibge": 4321436,
    "name": "Terra de Areia",
    "lat": -29.5782,
    "lon": -50.0644,
    "uf": 43
  },
  {
    "codigo_ibge": 4321451,
    "name": "Teutônia",
    "lat": -29.4482,
    "lon": -51.8044,
    "uf": 43
  },
  {
    "codigo_ibge": 4321469,
    "name": "Tio Hugo",
    "lat": -28.5712,
    "lon": -52.5955,
    "uf": 43
  },
  {
    "codigo_ibge": 4321477,
    "name": "Tiradentes do Sul",
    "lat": -27.4022,
    "lon": -54.0814,
    "uf": 43
  },
  {
    "codigo_ibge": 4321493,
    "name": "Toropi",
    "lat": -29.4782,
    "lon": -54.2244,
    "uf": 43
  },
  {
    "codigo_ibge": 4321501,
    "name": "Torres",
    "lat": -29.3334,
    "lon": -49.7333,
    "uf": 43
  },
  {
    "codigo_ibge": 4321600,
    "name": "Tramandaí",
    "lat": -29.9841,
    "lon": -50.1322,
    "uf": 43
  },
  {
    "codigo_ibge": 4321626,
    "name": "Travesseiro",
    "lat": -29.2977,
    "lon": -52.0532,
    "uf": 43
  },
  {
    "codigo_ibge": 4321634,
    "name": "Três Arroios",
    "lat": -27.5003,
    "lon": -52.1448,
    "uf": 43
  },
  {
    "codigo_ibge": 4321667,
    "name": "Três Cachoeiras",
    "lat": -29.4487,
    "lon": -49.9275,
    "uf": 43
  },
  {
    "codigo_ibge": 4321709,
    "name": "Três Coroas",
    "lat": -29.5137,
    "lon": -50.7739,
    "uf": 43
  },
  {
    "codigo_ibge": 4321808,
    "name": "Três de Maio",
    "lat": -27.78,
    "lon": -54.2357,
    "uf": 43
  },
  {
    "codigo_ibge": 4321832,
    "name": "Três Forquilhas",
    "lat": -29.5384,
    "lon": -50.0708,
    "uf": 43
  },
  {
    "codigo_ibge": 4321857,
    "name": "Três Palmeiras",
    "lat": -27.6139,
    "lon": -52.8437,
    "uf": 43
  },
  {
    "codigo_ibge": 4321907,
    "name": "Três Passos",
    "lat": -27.4555,
    "lon": -53.9296,
    "uf": 43
  },
  {
    "codigo_ibge": 4321956,
    "name": "Trindade do Sul",
    "lat": -27.5239,
    "lon": -52.8956,
    "uf": 43
  },
  {
    "codigo_ibge": 4322004,
    "name": "Triunfo",
    "lat": -29.9291,
    "lon": -51.7075,
    "uf": 43
  },
  {
    "codigo_ibge": 4322103,
    "name": "Tucunduva",
    "lat": -27.6573,
    "lon": -54.4439,
    "uf": 43
  },
  {
    "codigo_ibge": 4322152,
    "name": "Tunas",
    "lat": -29.1039,
    "lon": -52.9538,
    "uf": 43
  },
  {
    "codigo_ibge": 4322186,
    "name": "Tupanci do Sul",
    "lat": -27.9241,
    "lon": -51.5383,
    "uf": 43
  },
  {
    "codigo_ibge": 4322202,
    "name": "Tupanciretã",
    "lat": -29.0858,
    "lon": -53.8445,
    "uf": 43
  },
  {
    "codigo_ibge": 4322251,
    "name": "Tupandi",
    "lat": -29.4772,
    "lon": -51.4174,
    "uf": 43
  },
  {
    "codigo_ibge": 4322301,
    "name": "Tuparendi",
    "lat": -27.7598,
    "lon": -54.4814,
    "uf": 43
  },
  {
    "codigo_ibge": 4322327,
    "name": "Turuçu",
    "lat": -31.4173,
    "lon": -52.1706,
    "uf": 43
  },
  {
    "codigo_ibge": 4322343,
    "name": "Ubiretama",
    "lat": -28.0404,
    "lon": -54686,
    "uf": 43
  },
  {
    "codigo_ibge": 4322350,
    "name": "União da Serra",
    "lat": -28.7833,
    "lon": -52.0238,
    "uf": 43
  },
  {
    "codigo_ibge": 4322376,
    "name": "Unistalda",
    "lat": -29.04,
    "lon": -55.1517,
    "uf": 43
  },
  {
    "codigo_ibge": 4322400,
    "name": "Uruguaiana",
    "lat": -29.7614,
    "lon": -57.0853,
    "uf": 43
  },
  {
    "codigo_ibge": 4322509,
    "name": "Vacaria",
    "lat": -28.5079,
    "lon": -50.9418,
    "uf": 43
  },
  {
    "codigo_ibge": 4322533,
    "name": "Vale do Sol",
    "lat": -29.5967,
    "lon": -52.6839,
    "uf": 43
  },
  {
    "codigo_ibge": 4322541,
    "name": "Vale Real",
    "lat": -29.3919,
    "lon": -51.2559,
    "uf": 43
  },
  {
    "codigo_ibge": 4322525,
    "name": "Vale Verde",
    "lat": -29.7864,
    "lon": -52.1857,
    "uf": 43
  },
  {
    "codigo_ibge": 4322558,
    "name": "Vanini",
    "lat": -28.4758,
    "lon": -51.8447,
    "uf": 43
  },
  {
    "codigo_ibge": 4322608,
    "name": "Venâncio Aires",
    "lat": -29.6143,
    "lon": -52.1932,
    "uf": 43
  },
  {
    "codigo_ibge": 4322707,
    "name": "Vera Cruz",
    "lat": -29.7184,
    "lon": -52.5152,
    "uf": 43
  },
  {
    "codigo_ibge": 4322806,
    "name": "Veranópolis",
    "lat": -28.9312,
    "lon": -51.5516,
    "uf": 43
  },
  {
    "codigo_ibge": 4322855,
    "name": "Vespasiano Corrêa",
    "lat": -29.0655,
    "lon": -51.8625,
    "uf": 43
  },
  {
    "codigo_ibge": 4322905,
    "name": "Viadutos",
    "lat": -27.5716,
    "lon": -52.0211,
    "uf": 43
  },
  {
    "codigo_ibge": 4323002,
    "name": "Viamão",
    "lat": -30.0819,
    "lon": -51.0194,
    "uf": 43
  },
  {
    "codigo_ibge": 4323101,
    "name": "Vicente Dutra",
    "lat": -27.1607,
    "lon": -53.4022,
    "uf": 43
  },
  {
    "codigo_ibge": 4323200,
    "name": "Victor Graeff",
    "lat": -28.5632,
    "lon": -52.7495,
    "uf": 43
  },
  {
    "codigo_ibge": 4323309,
    "name": "Vila Flores",
    "lat": -28.8598,
    "lon": -51.5504,
    "uf": 43
  },
  {
    "codigo_ibge": 4323358,
    "name": "Vila Lângaro",
    "lat": -28.1062,
    "lon": -52.1438,
    "uf": 43
  },
  {
    "codigo_ibge": 4323408,
    "name": "Vila Maria",
    "lat": -28.5359,
    "lon": -52.1486,
    "uf": 43
  },
  {
    "codigo_ibge": 4323457,
    "name": "Vila Nova do Sul",
    "lat": -30.3461,
    "lon": -53876,
    "uf": 43
  },
  {
    "codigo_ibge": 4323507,
    "name": "Vista Alegre",
    "lat": -27.3686,
    "lon": -53.4919,
    "uf": 43
  },
  {
    "codigo_ibge": 4323606,
    "name": "Vista Alegre do Prata",
    "lat": -28.8052,
    "lon": -51.7947,
    "uf": 43
  },
  {
    "codigo_ibge": 4323705,
    "name": "Vista Gaúcha",
    "lat": -27.2902,
    "lon": -53.6974,
    "uf": 43
  },
  {
    "codigo_ibge": 4323754,
    "name": "Vitória das Missões",
    "lat": -28.3516,
    "lon": -54504,
    "uf": 43
  },
  {
    "codigo_ibge": 4323770,
    "name": "Westfália",
    "lat": -29.4263,
    "lon": -51.7645,
    "uf": 43
  },
  {
    "codigo_ibge": 4323804,
    "name": "Xangri-lá",
    "lat": -29.8065,
    "lon": -50.0519,
    "uf": 43
  }
]